Request,Joke
Can you please tell us a joke about the days of the week?,I'm afraid for the calendar. Its days are numbered.
Can you tell us another joke about exercise or staying in shape?,My wife said I should do lunges to stay in shape. That would be a big step forward.
Tell us another golf-related joke!,Why do fathers take an extra pair of socks when they go golfing? In case they get a hole in one!
Can you share a joke that involves music or singing?,Singing in the shower is fun until you get soap in your mouth. Then it's a soap opera.
Tell us a joke about famous landmarks.,What do a tick and the Eiffel Tower have in common? They're both Paris sites.
Can you please tell us a punny joke involving animals?,What do you call a fish wearing a bowtie? Sofishticated.
Tell us another punny joke!,How do you follow Will Smith in the snow? You follow the fresh prints.
Can you tell us a joke related to history or the Mayflower?,"If April showers bring May flowers, what do May flowers bring? Pilgrims."
Can you tell us a joke about household appliances?,I thought the dryer was shrinking my clothes. Turns out it was the refrigerator all along.
Tell us a joke about work or office humor!,How does dry skin affect you at work? You don’t have any elbow grease to put into it.
Can you tell us another punny joke that involves wordplay?,What do you call a factory that makes okay products? A satisfactory.
Can you calculate the punchline for us?,"Dear Math, grow up and solve your own problems."
"Tell us another clean and clever joke, please!",What did the janitor say when he jumped out of the closet? Supplies!
Can you tell us more punny jokes about music and sweets?,Have you heard about the chocolate record player? It sounds pretty sweet.
Can you tell us a joke about the ocean and the beach?,"What did the ocean say to the beach? Nothing, it just waved."
Tell us another pun!,"Why do seagulls fly over the ocean? Because if they flew over the bay, we'd call them bagels."
Can you tell us a joke about someone who doesn't know all the letters of the alphabet?,I only know 25 letters of the alphabet. I don't know y.
Can you tell us a joke about celestial bodies or astronomy?,How does the moon cut his hair? Eclipse it.
Can you tell us a light-hearted joke about walls?,What did one wall say to the other? I'll meet you at the corner.
Can you tell us a short and funny joke about numbers?,What did the zero say to the eight? That belt looks good on you.
Can you tell us more jokes about skeletons?,"A skeleton walks into a bar and says, 'Hey, bartender. I'll have one beer and a mop.'"
Can you tell us another punny joke about fruits?,Where do fruits go on vacation? Pear-is!
Tell us a joke about dogs and math!,I asked my dog what's two minus two. He said nothing.
Can you share a corn-themed joke about a family gathering?,What did Baby Corn say to Mama Corn? Where's Pop Corn?
Can you tell us a joke about Switzerland?,"What's the best thing about Switzerland? I don't know, but the flag is a big plus."
Can you tell us a joke about athletes or sports?,"What does a sprinter eat before a race? Nothing, they fast!"
Tell us a joke about learning or education!,Where do you learn to make a banana split? Sundae school.
Tell us a joke about letters and the post office!,What has more letters than the alphabet? The post office!
Tell us another dad joke!,"Dad, did you get a haircut? No, I got them all cut!"
Can you share a joke related to Christmas or Santa Claus?,What do you call a poor Santa Claus? St. Nickel-less.
Can you tell us a joke about mistaken identities or unexpected situations at stores?,"I got carded at a liquor store, and my Blockbuster card accidentally fell out. The cashier said never mind."
Can you tell us another boat-themed joke?,Where do boats go when they're sick? To the boat doc.
Can you tell us a joke about nature or gardening?,I don't trust those trees. They seem kind of shady.
Tell us another joke about someone with a terrible sense of direction!,My wife is really mad at the fact that I have no sense of direction. So I packed up my stuff and right!
Can you share a joke about animals or nature?,How do you get a squirrel to like you? Act like a nut.
Can you share a funny joke involving eggs?,Why don't eggs tell jokes? They'd crack each other up.
Can you tell us a joke that involves stairs?,I don't trust stairs. They're always up to something.
Tell us more jokes with clever wordplay!,What do you call someone with no body and no nose? Nobody knows.
Can you please share a clean and family-friendly joke?,"Did you hear the rumor about butter? Well, I'm not going to spread it!"
Can you tell us a joke about bicycles?,Why couldn't the bicycle stand up by itself? It was two tired.
Can you please tell us a joke about hats and their conversations?,What did one hat say to the other? Stay here! I'm going on ahead.
Tell us another joke about silly workplace mishaps!,Why did Billy get fired from the banana factory? He kept throwing away the bent ones.
Tell us more dad jokes!,"Dad, can you put my shoes on? No, I don't think they'll fit me."
Tell us another punny joke!,Why can't a nose be 12 inches long? Because then it would be a foot.
Can you tell me a funny joke about fruits or colors?,What does a lemon say when it answers the phone? Yellow!
Can you tell us another pun-filled joke about death or cemeteries?,This graveyard looks overcrowded. People must be dying to get in.
Tell us a joke about cars and food!,What kind of car does an egg drive? A yolkswagen.
Tell us another witty and unexpected punchline!,"Dad, can you put the cat out? I didn't know it was on fire."
Can you share a joke that involves turning a number into an even number by removing a letter?,How do you make 7 even? Take away the s.
Can you tell us a funny food-related joke?,How does a taco say grace? Lettuce pray.
Can you tell us a joke about going to the dentist?,What time did the man go to the dentist? Tooth hurt-y.
Can you tell us a joke about a skeleton and mountains?,Why didn't the skeleton climb the mountain? It didn't have the guts.
Can you tell us a joke that involves snow or winter?,What do you call it when a snowman throws a tantrum? A meltdown.
Can you share a joke that involves sea creatures?,How many tickles does it take to make an octopus laugh? Ten tickles.
Can you share a joke that's related to chemistry but doesn't elicit a strong reaction?,"I have a joke about chemistry, but I don't think it will get a reaction."
Can you tell us another joke about musicians or bands?,What concert costs just 45 cents? 50 Cent featuring Nickelback!
Could you please tell us a joke about animals?,What does a bee use to brush its hair? A honeycomb!
Can you tell us a joke that involves making an inanimate object move or dance?,How do you make a tissue dance? You put a little boogie in it.
Can you tell us more math-related jokes?,Why did the math book look so sad? Because of all of its problems!
Could you please tell us a cheesy joke?,What do you call cheese that isn't yours? Nacho cheese.
Can you please share the punch line of the boxing joke?,My dad told me a joke about boxing. I guess I missed the punch line.
Can you tell us a joke about ninjas?,What kind of shoes do ninjas wear? Sneakers!
Can you tell us a joke about animals building things?,How does a penguin build its house? Igloos it together.
Can you tell us a joke related to a famous book series?,How did Harry Potter get down the hill? Walking. JK! Rowling.
Tell us another clean joke!,"I used to be addicted to soap, but I'm clean now."
Can you tell us another funny bar-related joke?,A guy walks into a bar... and he was disqualified from the limbo contest.
Can you tell us another joke about expensive experiences or costs?,You think swimming with sharks is expensive? Swimming with sharks cost me an arm and a leg.
Can you tell us a joke that highlights the humor in vegan arguments?,"When two vegans get in an argument, is it still called a beef?"
Tell us what came first - the chicken or the egg!,I ordered a chicken and an egg from Amazon. I'll let you know...
Can you tell us a joke that involves a playful food-related competition?,"Do you wanna box for your leftovers? No, but I'll wrestle you for them."
Can you tell us a joke about cars or car repairs?,That car looks nice but the muffler seems exhausted.
Tell us another joke about body parts!,Shout out to my fingers. I can count on all of them.
Can you tell us a joke that involves children and parenting?,"If a child refuses to nap, are they guilty of resisting a rest?"
Tell us a joke about capital cities!,What country's capital is growing the fastest? Ireland. Every day it's Dublin.
Can you tell us more punny jokes like the one about the dream in an ocean of orange soda?,I once had a dream I was floating in an ocean of orange soda.  It was more of a fanta sea.
Can you tell us more fashion-related jokes? We're loving the corduroy pillow punchline!,Did you know corduroy pillows are in style? They're making headlines.
Tell us another funny joke about school!,"Did you hear about the kidnapping at school? It's okay, he woke up."
Could you tell us more jokes about food and bars?,"A cheeseburger walks into a bar. The bartender says, 'Sorry, we don't serve food here.'"
Can you tell us another punny joke related to work or employment?,I once got fired from a canned juice company. Apparently I couldn't concentrate.
Can you tell us another joke about music or playing instruments?,I used to play piano by ear. Now I use my hands.
Tell us a joke about weather!,Have you ever tried to catch a fog? I tried yesterday but I mist.
Can you tell us more jokes about diets and food?,I'm on a seafood diet. I see food and I eat it.
Can you please tell us a joke about a scarecrow winning an award?,Why did the scarecrow win an award? Because he was outstanding in his field.
Can you tell us a joke about something that is useless or serves no purpose?,I made a pencil with two erasers. It was pointless.
Tell us a joke about dancing!,How do you make a Kleenex dance? Put a little boogie in it!
Tell us another book-related joke!,I'm reading a book about anti-gravity. It's impossible to put down!
Can you tell us another pun or wordplay joke?,Did you hear about the guy who invented the knock-knock joke? He won the 'no-bell' prize.
Can you share a construction joke that's still a work in progress?,"I've got a great joke about construction, but I'm still working on it."
Is there anyone with a beard who can relate to this joke?,I used to hate facial hair...but then it grew on me.
Tell us a joke about household appliances!,I decided to sell my vacuum cleaner—it was just gathering dust!
Tell us a joke about someone overcoming a physical injury or obstacle.,I had a neck brace fitted years ago and I've never looked back since.
Can you share a joke about unique personal traits?,"You know, people say they pick their nose, but I feel like I was just born with mine."
Can you tell us a short and simple joke?,What's brown and sticky? A stick.
Tell us a joke!,Why can't you hear a psychiatrist using the bathroom? Because the 'P' is silent.
Tell us a joke about animals!,What do you call an elephant that doesn't matter? An irrelephant.
Could you please share a joke about cows and milk?,What do you get from a pampered cow? Spoiled milk.
Tell me a Dad joke that will make me groan!,I like telling Dad jokes. Sometimes he laughs!
Can you tell us a joke about insects and a pleasant scent?,What's the best smelling insect? A deodor-ant.
Can you tell us a joke about work or job resignations?,I used to be a personal trainer. Then I gave my too weak notice.
Tell us another joke about falling in love!,Did I tell you the time I fell in love during a backflip? I was heels over head!
Can you share more parenting jokes?,"If a child refuses to sleep during nap time, are they guilty of resisting a rest?"
Can you tell us: did the chicken or the egg come first?,I ordered a chicken and an egg online. I’ll let you know.
Tell us a joke about bravery or courage!,It takes guts to be an organ donor.
Tell us a technology-related joke!,"If you see a crime at an Apple Store, does that make you an iWitness?"
Tell us a joke about impressive skills!,"I'm so good at sleeping, I can do it with my eyes closed!"
Can you please tell us a time-traveling joke that will make us laugh?,"I was going to tell a time-traveling joke, but you guys didn't like it."
Can you tell us a funny animal-themed joke?,What did the vet say to the cat? How are you feline?
Tell us another animal-themed joke!,What do you call a lazy baby kangaroo? A pouch potato!
Can you tell us another candy-related joke?,What happens when M&M’s can’t agree on anything? They reach an M-passe.
Can you share a funny joke featuring a food pun?,What do you call a fake noodle? An impasta.
Can you tell us another pun joke related to time or watches?,What do you call a belt made of watches? A waist of time.
Tell us a joke about fruit and traffic!,What happens when a strawberry gets run over crossing the street? Traffic jam.
Can you tell us a joke about animals and technology?,What do you call two monkeys that share an Amazon account? Prime mates.
Can you please tell us a joke with a pun or wordplay involved?,What do you call a pony with a sore throat? A little hoarse.
Tell us a math-related vacation joke!,Where do math teachers go on vacation? Times Square.
Tell us another joke about struggling to eat healthy!,"Whenever I try to eat healthy, a chocolate bar looks at me and Snickers."
Can you tell us a funny joke about food?,What does garlic do when it gets hot? It takes its cloves off.
Can you please tell us a joke about technology or robots?,What's a robot's favorite snack? Computer chips.
Can you share a festive joke about Santa and his expenses?,"How much does it cost Santa to park his sleigh? Nothing, it's on the house."
Can you tell us more jokes about nature and outdoor landscapes?,Mountains aren't just funny. They're hill areas.
Tell us another weather-related joke!,What do clouds wear? Thunderwear.
Can you tell us a joke about money or wise objects?,Why are piggy banks so wise? They're filled with common cents.
Tell us another joke about fictional characters!,Why is Peter Pan always flying? He neverlands.
Can you tell us a joke about winter sports or activities?,How do you get a good price on a sled? You have toboggan.
Can you share a joke about trees?,How can you tell if a tree is a dogwood tree? By its bark.
Can you tell us a joke about personal preferences or changing opinions?,"I used to hate facial hair, but then it grew on me."
Can you share a clean and family-friendly joke?,It's inappropriate to make a 'dad joke' if you're not a dad. It's a faux pa.
Can you tell us a funny food-related joke?,What do you call a hot dog on wheels? Fast food!
Can you tell us more jokes about trees?,Where do young trees go to learn? Elementree school.
Can you share more punny circus jokes?,Did you hear about the circus fire? It was in tents.
Can you share another punny joke like the February March one?,"Can February March? No, but April May!"
Can you share more lawyer-themed jokes?,How do lawyers say goodbye? We'll be suing ya!
Tell us a paper-related joke!,Wanna hear a joke about paper? Never mind—it's tearable.
Can you tell us a funny fishing-related joke?,What's the best way to watch a fly fishing tournament? Live stream.
Can you tell us a funny joke about gardening or nature?,Spring is here! I got so excited I wet my plants.
Can you share a funny joke about pizza?,"I could tell a joke about pizza, but it's a little cheesy."
Can you share a witty science-related joke?,Don't trust atoms. They make up everything!
Can you tell us a dad joke that will make us groan?,When does a joke become a dad joke? When it becomes apparent.
Can you tell us a joke about shopping or products?,I wouldn't buy anything with velcro. It's a total rip-off.
Can you tell us more space-related jokes?,What’s an astronaut’s favorite part of a computer? The space bar.
Can you tell us another joke about sports?,I don't play soccer because I enjoy the sport. I'm just doing it for kicks!
Can you please tell us another classic and witty joke that works on multiple levels?,Why are elevator jokes so classic and good? They work on many levels.
Can you tell us a joke about insects?,Why do bees have sticky hair? Because they use a honeycomb.
Can you tell us a joke about geography or states?,Which state has the most streets? Rhode Island.
Can you tell us a funny coffee-related joke?,What did the coffee report to the police? A mugging.
Can you tell us a short and funny fish-related joke?,What did the fish say when he hit the wall? Dam.
Can you please share a joke about swimming or pools?,Is this pool safe for diving? It deep ends.
Can you tell us more technology-related jokes like the one about the Apple store?,"If you see a crime happen at the Apple store, what does it make you? An iWitness."
